CustomerID,First Name,Last Name,Email,Phone,CustAddress,CustState,CustCity,CustZip
1,Penelope,Keddie,pkeddie0@behance.net,205-151-7125,3 8th Crossing,Alabama,Birmingham,35244
2,Trip,Malyj,tmalyj1@oaic.gov.au,404-614-8569,13 Mcguire Road,Georgia,,30356
3,Jake,Gorger,jgorger2@springer.com,208-562-9998,68153 Maryland Center,Idaho,Boise,83757
4,Johnath,Game,jgame3@shareasale.com,410-276-1726,7994 Killdeer Parkway,Maryland,,21216
5,Angela,Nattriss,anattriss4@shinystat.com,513-792-4285,02 Maryland Hill,Ohio,Cincinnati,45249
6,Linda,Jemmett,ljemmett5@slashdot.org,214-198-8022,6436 Gateway Alley,TX,,75062
7,Lyman,Gascoyen,lgascoyen6@admin.ch,214-402-0630,045 Gale Street,TX,Dallas,75277
8,Carlina,Shilliday,cshilliday7@shareasale.com,814-114-4016,708 Memorial Hill,Pennsylvania,Erie,16510
9,Maribel,Guile,mguile8@techcrunch.com,808-103-4647,5421 Myrtle Lane,Hawaii,Honolulu,96820
10,Della,Pisculli,dpisculli9@slashdot.org,530-256-6967,41 Jackson Pass,CA,South Lake Tahoe,96154
11,Tatiana,Bonner,tbonnera@php.net,719-966-7996,99687 Hagan Road,Colorado,Colorado Springs,80920
12,Nobe,Folli,nfollib@columbia.edu,405-131-6665,5 Roth Way,Oklahoma,Oklahoma City,73135
13,Wallis,Rushby,wrushbyc@imageshack.us,714-685-9861,225 Hermina Street,,Irvine,92717
14,Colet,Silverthorn,csilverthornd@salon.com,919-361-0984,07 Utah Point,North Carolina,Raleigh,27635
15,Basile,Wood,bwoode@archive.org,520-615-8528,2 La Follette Alley,AZ,,86305
16,Mindy,Basilotta,mbasilottaf@chron.com,702-307-2681,90 Monterey Plaza,,,89160
17,Ossie,Rapi,orapig@comsenz.com,682-482-2915,270 Kedzie Parkway,TX,,76110
18,Dallon,Tewelson,dtewelsonh@oaic.gov.au,843-103-6405,48 Welch Center,South Carolina,Florence,29505
19,Davide,Ferrick,dferricki@latimes.com,,51665 Veith Place,Virginia,Newport News,23612
20,Evangelin,Ricioppo,ericioppoj@nytimes.com,210-363-5914,0 Duke Circle,TX,San Antonio,78205
21,Francoise,Stannislawski,fstannislawskik@ehow.com,406-829-9434,8460 Hintze Drive,Montana,Billings,59112
22,Merl,Althrop,malthropl@stumbleupon.com,302-268-8782,391 Pennsylvania Court,Delaware,Wilmington,19810
23,Fitz,Pook,fpookm@phpbb.com,786-315-8888,93084 Pennsylvania Way,Florida,Miami,33124
24,Garey,Mc Andrew,gmcandrewn@ezinearticles.com,727-632-3143,538 Sherman Plaza,,Saint Petersburg,33742
25,Romonda,McKelvey,rmckelveyo@wired.com,504-745-6666,33 Fair Oaks Alley,Louisiana,,70116
26,Bette,Godar,bgodarp@cnbc.com,810-901-6501,3747 Dawn Drive,Michigan,,48076
27,Abbey,Francke,afranckeq@tamu.edu,916-899-2090,23371 Jay Alley,CA,Sacramento,95838
28,Renee,Balmadier,rbalmadierr@economist.com,952-355-1627,1 Becker Street,Minnesota,Minneapolis,55402
29,Sibel,Elsmore,selsmores@paginegialle.it,303-877-8873,7750 Spaight Terrace,Colorado,Denver,80209
30,Remy,Stebbings,rstebbingst@hhs.gov,,62782 Northland Junction,Ohio,Cincinnati,
31,Cassie,Mish,cmishu@unicef.org,862-959-5494,17062 Trailsway Lane,New Jersey,Newark,7188
32,Oliviero,Tossell,otossellv@hostgator.com,213-221-7358,2 Ridgeway Terrace,,Los Angeles,90081
33,Giselle,Bartoleyn,gbartoleynw@yandex.ru,610-636-3415,098 Sachs Court,Pennsylvania,Allentown,18105
34,Abran,Covell,acovellx@deliciousdays.com,480-373-1836,133 Caliangt Road,AZ,Mesa,
35,Hendrik,Hubery,hhuberyy@devhub.com,336-692-5772,66274 Kropf Place,,,
36,Chelsea,Kubicki,ckubickiz@wikimedia.org,907-108-0851,4150 Manufacturers Parkway,Alaska,Anchorage,99599
37,Ranna,Depper,rdepper10@yolasite.com,405-721-8305,16484 Scoville Street,Oklahoma,Oklahoma City,73135
38,Tamra,Saby,tsaby11@ucla.edu,605-618-4420,51512 Warner Way,,Sioux Falls,57188
39,Aharon,Stichall,astichall12@washington.edu,804-496-8752,14 Lien Alley,Virginia,Richmond,23203
40,Budd,Speake,bspeake13@ebay.com,865-157-7616,50 Vera Way,,,37939
41,Marita,Chaise,mchaise14@myspace.com,319-536-0246,0 Hallows Trail,Iowa,Waterloo,50706
42,Jessica,Miles,jmiles15@feedburner.com,971-889-9795,8728 Porter Junction,,Salem,97312
43,Meaghan,Kingescot,mkingescot16@ed.gov,608-897-9976,5 Garrison Center,Wisconsin,Madison,53710
44,Jeanelle,Danelut,jdanelut17@alexa.com,,89 Pankratz Way,TX,Spring,77386
45,Emlyn,Heel,eheel18@telegraph.co.uk,469-736-0708,35957 Pepper Wood Park,TX,Dallas,75216
46,Laraine,Crepin,lcrepin19@sbwire.com,415-144-6926,993 Nova Road,,San Francisco,
47,Kellina,Wabersinke,kwabersinke1a@youtu.be,,01248 Prairieview Street,TX,Spring,77388
48,Sonnie,Slatter,sslatter1b@nyu.edu,225-917-8257,032 Golf Course Way,Louisiana,,70836
49,Joshua,Iskowitz,jiskowitz1c@statcounter.com,260-806-6698,7 2nd Road,Indiana,,46825
50,Sancho,Theze,stheze1d@cdc.gov,404-117-2606,372 Union Junction,Georgia,Duluth,30195
51,Wandis,Shaw,wshaw1e@hexun.com,603-267-8593,9 Artisan Drive,New Hampshire,Manchester,3105
52,Kassandra,Astlatt,kastlatt1f@ning.com,702-425-0939,3206 Hagan Pass,Nevada,Las Vegas,89150
53,Leandra,Leband,lleband1g@hexun.com,317-953-6074,08368 7th Hill,Indiana,Indianapolis,46247
54,Patrizius,Doucette,pdoucette1h@gnu.org,862-296-3115,2680 Drewry Center,New Jersey,Newark,7188
55,Erminie,Fierro,efierro1i@paypal.com,570-629-4380,8 Barnett Crossing,Pennsylvania,,18768
56,Juliet,Muddiman,jmuddiman1j@odnoklassniki.ru,317-346-6962,07555 Vernon Lane,Indiana,,46207
57,Bailie,Iacoviello,biacoviello1k@flickr.com,,4 Victoria Trail,Utah,Salt Lake City,84152
58,Ranee,Alleyn,ralleyn1l@amazon.com,863-393-5460,2312 Merchant Lane,Florida,Lakeland,33805
59,Verene,McCosker,vmccosker1m@e-recht24.de,214-811-9621,6294 Monument Hill,TX,Irving,75037
60,Ferne,Rosencwaig,frosencwaig1n@bloomberg.com,704-651-4326,189 Packers Circle,North Carolina,,
61,Bette-ann,Wiles,bwiles1o@acquirethisname.com,402-477-3861,47852 Sherman Drive,Nebraska,Lincoln,68524
62,Christy,Berfoot,cberfoot1p@nsw.gov.au,,8 Mccormick Parkway,TX,Dallas,75358
63,Val,Lewer,vlewer1q@usnews.com,530-409-5426,3 Knutson Center,CA,Sacramento,95818
64,Enos,Neely,eneely1r@illinois.edu,402-886-4998,57659 Elmside Center,Nebraska,Omaha,68105
65,Ivy,Scrowson,iscrowson1s@rakuten.co.jp,727-353-8723,,Florida,Saint Petersburg,33731
66,Melamie,Burner,mburner1t@statcounter.com,215-841-2511,60 Corry Parkway,,Philadelphia,19160
67,Enos,De Giorgio,edegiorgio1u@sogou.com,850-245-6318,0 Moose Court,Florida,,32405
68,Augustine,Hattiff,ahattiff1v@linkedin.com,901-880-1243,3362 Clyde Gallagher Place,,Memphis,
69,Misti,Nyssens,mnyssens1w@1und1.de,417-598-5542,,Missouri,Springfield,
70,Amargo,Noore,anoore1x@a8.net,540-462-7212,4 Waywood Pass,Virginia,,24048
71,Dov,Harmes,dharmes1y@plala.or.jp,609-976-7524,897 Stoughton Junction,New Jersey,Trenton,8650
72,Hoyt,Baltrushaitis,hbaltrushaitis1z@reuters.com,562-398-4053,0 American Street,CA,Los Angeles,90010
73,Orel,Crab,ocrab20@apache.org,646-989-1499,4 Forest Alley,New York,New York City,10034
74,Elmer,Kittiman,ekittiman21@w3.org,315-785-3023,9 Main Place,New York,Syracuse,13210
75,Nelly,Peoples,npeoples22@ow.ly,850-952-5419,81675 Burrows Road,Florida,Panama City,32405
76,Ebba,Laver,elaver23@usgs.gov,917-515-8153,7 Sommers Court,New York,,
77,Biron,Magovern,bmagovern24@redcross.org,714-432-9855,9 Rieder Center,,Anaheim,92825
78,Humberto,Sellers,hsellers25@forbes.com,202-308-4902,7 Burrows Trail,District of Columbia,Washington,20436
79,Alexandre,Winley,awinley26@cdbaby.com,757-934-0923,8 Goodland Lane,Virginia,Portsmouth,23705
80,Ilaire,Scottrell,iscottrell27@va.gov,313-746-8926,54 Darwin Road,Michigan,Detroit,48275
81,Helen,Haselden,hhaselden28@gnu.org,413-875-9562,0 Russell Junction,Massachusetts,Springfield,1114
82,Dallis,Kristof,dkristof29@youku.com,972-189-7328,323 Florence Center,TX,,
83,Mitch,Piens,mpiens2a@smh.com.au,415-919-9103,033 Basil Drive,CA,San Francisco,94177
84,Herculie,Hamsley,hhamsley2b@e-recht24.de,724-521-2726,4 Kensington Alley,Pennsylvania,Pittsburgh,
85,Cassey,Glossup,cglossup2c@tiny.cc,406-416-4793,3 Rieder Park,,,59623
86,Ariana,Sinfield,asinfield2d@washington.edu,402-248-2084,3 Reindahl Terrace,Nebraska,Omaha,68124
87,Huntlee,Gorner,hgorner2e@homestead.com,239-733-9564,7 Sloan Point,Florida,,34108
88,Shamus,Hulks,shulks2f@twitter.com,954-758-5622,,Florida,Miami,33180
89,Morten,Seden,mseden2g@wsj.com,585-653-6622,09 Scofield Hill,New York,Rochester,14614
90,Frank,MacFarlane,fmacfarlane2h@scientificamerican.com,601-235-7171,364 Lindbergh Junction,Mississippi,Meridian,39305
91,Kilian,Peris,kperis2i@shutterfly.com,415-685-7904,17221 Bartillon Lane,,San Rafael,94913
92,Rodina,McOmish,rmcomish2j@who.int,417-831-6853,5 Crescent Oaks Avenue,Missouri,,65805
93,Hilary,Toke,htoke2k@who.int,215-244-5042,97552 Orin Trail,Pennsylvania,Philadelphia,19178
94,Brucie,Napper,bnapper2l@theguardian.com,218-604-5228,,Minnesota,Duluth,
95,Noby,Elwel,nelwel2m@princeton.edu,605-117-8019,660 Pine View Park,,Sioux Falls,
96,Joceline,Peagrim,jpeagrim2n@accuweather.com,225-785-4797,2 Tennessee Hill,Louisiana,Baton Rouge,70805
97,Barbi,Bavridge,bbavridge2o@discovery.com,646-247-6617,249 Moland Avenue,New York,New York City,
98,Thomasin,Petyt,tpetyt2p@tuttocitta.it,309-404-2954,57 Dunning Center,,Bloomington,61709
99,Austina,Yarham,ayarham2q@upenn.edu,480-811-8258,154 Eliot Terrace,AZ,Scottsdale,
100,Tyler,Erasmus,terasmus2r@cbslocal.com,727-425-1723,,,,
101,Jessy,Shires,jshires2s@seattletimes.com,970-742-7102,017 Everett Terrace,Colorado,Fort Collins,80525
102,Evelyn,Fairman,efairman2t@stumbleupon.com,202-587-4885,56 Scott Circle,District of Columbia,Washington,20231
103,Alejandra,Attenbrow,aattenbrow2u@msu.edu,860-788-0386,0828 Bellgrove Terrace,Connecticut,Hartford,6152
104,Nadiya,Guiver,nguiver2v@gravatar.com,405-266-7401,0 Anthes Park,Oklahoma,Oklahoma City,73114
105,Justina,Tibbetts,jtibbetts2w@army.mil,864-213-7857,7 Blaine Alley,South Carolina,Greenville,29615
106,Giffy,Local,glocal2x@cbc.ca,203-485-4983,3 Truax Place,,Norwalk,6854
107,Nigel,McElwee,nmcelwee2y@sakura.ne.jp,717-866-4113,455 Iowa Hill,Pennsylvania,Lancaster,17605
108,Cristi,Menzies,cmenzies2z@reuters.com,704-717-6867,80492 Graedel Circle,North Carolina,Charlotte,28247
109,Marni,Hearnah,mhearnah30@sourceforge.net,315-289-5823,14 Clove Street,New York,,
110,Doralyn,Teeney,dteeney31@ucoz.com,704-944-5210,4456 Glendale Hill,North Carolina,Charlotte,28278
111,Goldy,Lakey,glakey32@clickbank.net,703-460-0713,999 Dapin Road,Virginia,Alexandria,22309
112,Town,Creavan,tcreavan33@twitpic.com,760-475-4793,06155 Lyons Hill,CA,San Diego,
113,Travus,Slimming,tslimming34@weibo.com,501-548-1644,51 Vahlen Plaza,Arkansas,North Little Rock,72199
114,Cleo,Lebreton,clebreton35@google.nl,410-890-7930,24 Ridge Oak Drive,Maryland,Baltimore,21282
115,Jonas,Hrinchishin,jhrinchishin36@amazon.de,502-721-1622,32 6th Court,Kentucky,Louisville,40287
116,Lian,Echlin,lechlin37@ustream.tv,210-952-8192,21 Lighthouse Bay Place,TX,San Antonio,
117,Clovis,Cominello,ccominello38@time.com,408-896-0031,24117 Mariners Cove Point,CA,San Jose,95123
118,Jerad,O' Faherty,jofaherty39@sourceforge.net,518-633-7281,1 Golf Court,New York,Albany,12237
119,Cornell,Gerrish,cgerrish3a@craigslist.org,915-992-2946,026 Kim Center,TX,El Paso,79984
120,Sylvester,Cassely,scassely3b@nymag.com,913-816-7587,1622 Express Road,Kansas,,66210
121,Otho,Attersoll,oattersoll3c@ovh.net,850-618-8805,48868 Mallory Court,Florida,Pensacola,32511
122,Natalee,Klimkiewich,nklimkiewich3d@amazon.co.uk,714-873-1975,741 Mosinee Terrace,CA,,92717
123,Gussi,Puxley,gpuxley3e@creativecommons.org,413-904-6639,44052 Spaight Parkway,Massachusetts,Springfield,
124,Golda,Salthouse,gsalthouse3f@bing.com,434-431-2317,4 Fieldstone Pass,,Charlottesville,22908
125,Golda,McKinnell,gmckinnell3g@tripadvisor.com,214-207-9280,2 Bonner Terrace,TX,Irving,75037
126,Oliver,Pinwell,opinwell3h@cloudflare.com,212-895-6684,200 Mandrake Crossing,New York,Brooklyn,
127,Rayner,Readett,rreadett3i@digg.com,317-892-9936,7230 Dayton Plaza,Indiana,Indianapolis,46295
128,Base,Rossoni,brossoni3j@blinklist.com,213-547-0601,75220 Del Mar Center,CA,Los Angeles,90087
129,Merle,Piwell,mpiwell3k@yellowbook.com,734-123-3722,71936 Tennessee Alley,Michigan,,48126
130,Peter,Gulleford,pgulleford3l@t-online.de,619-504-7252,9 Dahle Crossing,CA,San Diego,92176
131,Clarie,Bulman,cbulman3m@cnn.com,843-936-7505,7 Mccormick Junction,South Carolina,Charleston,29416
132,Martina,Teager,mteager3n@discuz.net,850-696-2132,33 Larry Street,Florida,Pensacola,32526
133,Moyna,Mc Gorley,mmcgorley3o@imdb.com,626-578-1124,,CA,Pasadena,91125
134,Meara,Wareham,mwareham3p@jigsy.com,817-144-1562,4028 Mallard Place,TX,Fort Worth,
135,Cookie,Trevear,ctrevear3q@mozilla.org,408-470-9596,8 Manitowish Avenue,CA,San Jose,
136,Denney,Mallebone,dmallebone3r@marriott.com,310-246-7573,7397 Morrow Park,CA,Santa Monica,90405
137,Vanda,Mulqueen,vmulqueen3s@google.com.br,,8 Clarendon Circle,CA,Orange,92668
138,Andras,Bugdell,abugdell3t@ibm.com,559-393-8626,727 6th Court,CA,Modesto,95354
139,Agnola,Walisiak,awalisiak3u@imdb.com,202-820-9861,609 Rigney Junction,District of Columbia,Washington,20067
140,Renaldo,Earwicker,rearwicker3v@alexa.com,208-213-3209,7 Carey Place,Idaho,Boise,83716
141,Gisella,Sinnett,gsinnett3w@nsw.gov.au,478-870-0253,880 Stone Corner Way,Georgia,Macon,31210
142,Hewitt,De Domenici,hdedomenici3x@tmall.com,605-997-2743,21782 Duke Street,South Dakota,Sioux Falls,57188
143,Ilsa,Couvet,icouvet3y@pen.io,517-109-7038,53 Declaration Crossing,Michigan,Lansing,48930
144,Cecil,Cyson,ccyson3z@php.net,217-372-1447,4 Blaine Alley,,Springfield,
145,Matthias,Geist,mgeist40@paginegialle.it,314-438-0752,4 Anderson Plaza,Missouri,Saint Louis,63169
146,Joannes,Maghull,jmaghull41@google.ru,612-129-1456,9 Raven Road,Minnesota,Minneapolis,55448
147,Robbi,Ellyatt,rellyatt42@nsw.gov.au,,55 Carberry Avenue,,Tulsa,74149
148,Major,Hallibone,mhallibone43@livejournal.com,316-138-6387,9 Helena Junction,Kansas,Wichita,67215
149,Bevvy,Tubble,btubble44@telegraph.co.uk,913-752-8287,5 Fulton Lane,Kansas,,66105
150,Dahlia,Pegler,dpegler45@twitter.com,215-857-3538,22324 Schiller Circle,Pennsylvania,Philadelphia,19191
151,Culley,Siddle,csiddle46@newyorker.com,843-955-9306,2713 Schmedeman Street,South Carolina,Charleston,29403
152,Austine,Blenkinsopp,ablenkinsopp47@opera.com,202-288-6732,94465 Banding Circle,,Washington,20551
153,Terri-jo,Bratten,tbratten48@senate.gov,202-255-2522,42244 Green Junction,District of Columbia,Washington,
154,Byrann,Peschmann,bpeschmann49@phpbb.com,205-594-6405,573 Independence Junction,,Birmingham,35254
155,Ardene,Gorrissen,agorrissen4a@cdbaby.com,678-415-1918,58695 Dakota Trail,,Alpharetta,30022
156,Micheil,Matyukon,mmatyukon4b@scientificamerican.com,502-643-7765,68206 Brickson Park Alley,Kentucky,Louisville,40280
157,Noni,Auld,nauld4c@1und1.de,973-903-2312,39723 Elgar Court,New Jersey,Newark,7104
158,Haydon,Bafford,hbafford4d@wsj.com,281-332-3663,0 Novick Center,TX,Houston,77040
159,Stirling,Horsfield,shorsfield4e@myspace.com,918-968-2025,,Oklahoma,,
160,Caitlin,Maffia,cmaffia4f@blogspot.com,770-199-9388,8541 Ronald Regan Plaza,Georgia,Atlanta,30328
161,Chrissie,Mee,cmee4g@latimes.com,571-736-5468,,Virginia,Sterling,20167
162,Erek,Yendall,eyendall4h@cmu.edu,501-431-8951,3 Maple Parkway,Arkansas,Little Rock,72222
163,Grenville,Sawley,gsawley4i@buzzfeed.com,415-717-3505,588 Lindbergh Avenue,CA,San Francisco,
164,Benito,Leehane,bleehane4j@dailymail.co.uk,,91364 Grasskamp Lane,Nevada,Las Vegas,89110
165,Lucien,de Juares,ldejuares4k@purevolume.com,509-399-2145,954 Northland Plaza,Washington,Spokane,99210
166,Delly,Larchier,dlarchier4l@elegantthemes.com,916-592-0216,723 2nd Court,CA,Sacramento,94297
167,Guendolen,Tocqueville,gtocqueville4m@hexun.com,713-783-6667,894 Springview Hill,TX,Houston,77281
168,Ricki,Hush,rhush4n@imgur.com,913-665-3691,34168 Banding Pass,Kansas,Kansas City,66160
169,Violante,Rundall,vrundall4o@dion.ne.jp,915-516-7033,30272 Shasta Plaza,TX,El Paso,79977
170,Lionello,Couser,lcouser4p@sogou.com,518-348-4145,235 Lindbergh Drive,New York,Albany,12242
171,Johanna,Betho,jbetho4q@ucsd.edu,407-148-9407,3276 Kingsford Park,Florida,Orlando,32835
172,Chrisse,Hauck,chauck4r@sourceforge.net,205-183-6582,240 Anniversary Lane,Alabama,Birmingham,35242
173,Lilas,Brodeur,lbrodeur4s@toplist.cz,515-346-4147,265 Schurz Avenue,Iowa,Des Moines,50310
174,Alica,Andras,aandras4t@springer.com,318-419-3409,02 Karstens Lane,Louisiana,Shreveport,71105
175,Annelise,Blenkinship,ablenkinship4u@mit.edu,915-528-1335,325 Schurz Junction,TX,El Paso,88519
176,Vallie,Gurney,vgurney4v@ebay.com,405-688-4159,5145 Springs Court,Oklahoma,Oklahoma City,
177,Conant,Yakovlev,cyakovlev4w@jalbum.net,626-161-0525,1267 Oak Circle,,Pasadena,91117
178,Camilla,Normabell,cnormabell4x@geocities.jp,702-399-7418,7 Spaight Center,,Henderson,89012
179,Marcia,Bhatia,mbhatia4y@topsy.com,678-294-9187,0 Granby Court,Georgia,,30245
180,Carmine,Custard,ccustard4z@ihg.com,402-106-4929,230 Southridge Way,Nebraska,Lincoln,68531
181,Emmye,Stukings,estukings50@mapy.cz,830-841-3865,238 Vidon Parkway,TX,,78260
182,Amos,Volcker,avolcker51@usnews.com,210-765-3555,6 Transport Parkway,TX,San Antonio,78278
183,Ardyce,Klaus,aklaus52@nbcnews.com,806-131-0081,4 Huxley Road,TX,Amarillo,79105
184,Issy,Garrie,igarrie53@uiuc.edu,954-809-7924,2 Chinook Circle,Florida,Hollywood,33023
185,Liuka,Finlator,lfinlator54@feedburner.com,313-281-9700,06868 Mockingbird Park,Michigan,Detroit,48206
186,Dennis,Paull,dpaull55@webs.com,863-462-8183,1451 Raven Hill,,Winter Haven,33884
187,Carol,Blackborne,cblackborne56@msu.edu,828-606-0941,67327 Moland Parkway,,,28805
188,Rosanna,Errowe,rerrowe57@exblog.jp,540-374-3007,16149 Evergreen Street,Virginia,Fredericksburg,22405
189,Tomaso,Thrift,tthrift58@delicious.com,585-400-5791,5 Parkside Alley,,Rochester,14604
190,Alysia,Coper,acoper59@netvibes.com,704-152-4365,94253 Stang Hill,North Carolina,Charlotte,28256
191,Bird,Waldock,bwaldock5a@mashable.com,571-357-1259,021 Becker Crossing,Virginia,Fairfax,22036
192,Belia,Duckels,bduckels5b@canalblog.com,469-146-4261,54444 Arkansas Terrace,,Plano,
193,Donall,Kimbly,dkimbly5c@nymag.com,702-451-4726,,,Las Vegas,
194,Shelly,Fiddiman,sfiddiman5d@myspace.com,512-760-5039,87 Eastlawn Junction,TX,Austin,78754
195,Evangelina,Leeds,eleeds5e@biglobe.ne.jp,917-531-3809,8379 Hintze Drive,New York,New York City,10280
196,Giralda,Davers,gdavers5f@quantcast.com,312-559-6283,2 Graedel Park,Illinois,Chicago,
197,Delila,Fysh,dfysh5g@digg.com,773-616-7186,387 Claremont Way,Illinois,Chicago,60604
198,Agosto,Dykas,adykas5h@blog.com,716-408-5958,2075 Toban Road,,Buffalo,14225
199,Yuma,Candlin,ycandlin5i@state.gov,316-762-6359,28 Moose Crossing,Kansas,,67215
200,Adolphus,Pinch,apinch5j@ucoz.ru,518-538-5407,8 Forest Terrace,New York,Albany,12205